"d","n","Accuracy","Sensitivity","Accuracyr","Sensitivityr"
1,30,0.7,0.448979591836735,0.55,0.122448979591837
1,60,0.86,0.822222222222222,0.61,0.177777777777778
1,200,0.84,1,0.71,0.48
10,30,0.98,1,0.48,0.0980392156862745
10,60,0.98,1,0.74,0.51063829787234
10,200,0.93,1,0.97,1
50,30,0.99,1,0.45,0
50,60,0.99,1,0.57,0
50,200,0.96,1,0.96,1
100,30,0.99,1,0.43,0
100,60,0.95,1,0.53,0
100,200,1,1,0.96,0.938775510204082
500,30,0.97,1,0.47,0
500,60,0.97,1,0.55,0
500,200,0.99,1,0.95,0.945454545454545
